video_id,title,published_at,channel_title,view_count
FHxjS0AqmiE,#두쫀쿠#🧆,2026-01-13,말랑데이,322
Mtoy7sZKnkE,소면 넣은 &#39;두쫀쿠&#39; 구매 후기 논란‥주재료 수급난에 &#39;소면 두쫀쿠&#39; 등장 #Shorts (MBC뉴스),2026-01-13,MBCNEWS,13582
9BOYa_jZr_E,6억 두쫀쿠 못먹어서 만든 아쫀쿠..#유행,2026-01-13,젤리키키,862
7OPgoWxW4dw,두쫀쿠 먹빵 #이쯔야ㅈㅉ존맛임 #다이어트반포기 #^^ #하하  #미쳤다 #두쫀쿠 #아이돌 #포카챠 #포카포장 #관리자님잘생겼어요 #올데프 #kpop,2026-01-13,𝑺𝒆𝒂𝒔𝒐𝒏 이라,567
lTVrUScJkDM,"🔴LIVE &#39;두쫀쿠 유행&#39; 여전...추워도 출서고, 직접 만들기까지 l 26.01.12 l 뉴스아이",2026-01-12,KNN NEWS,1579
SFNnktDOFnc,오픈런 안 해도 두쫀쿠 사는 꿀팁!,2026-01-12,리빙후요쓴,1959
m_Qu-0VjgZQ,두쫀쿠 대신 먹는 이거 #두바이쫀득쿠키 #두바이,2026-01-12,Zzzanii,991
-u-wIWcdzGE,두쫀쿠 못 구해서 두바이 드링크라도… #뉴욕맛집 #foodie #미국생활,2026-01-12,잔잔한먹보,1334
9i0NNIStPHA,두쫀쿠 안먹어 본 사람...?! #두쫀쿠,2026-01-12,유리한오늘 yulri,1469
Hk-F-SU-9Uc,자고로 두쫀쿠는 입에 묻히고 먹어야 제맛이지! 쁜라인 두쫀쿠 먹방! #plave #노아 #밤비 #버추얼아이돌 #shorts,2026-01-12,뽕쥬르,1916
nuAipZSE_-U,🧆두쫀쿠 원가 1500원? #웹소설작가브이로그 #두쫀쿠만들기 #두바이쫀득쿠키,2026-01-12,와와글,5186
DAI5p1-tY2w,"‘두쫀쿠’ 열풍에 끼워팔기??🍮🤔…국밥 주문 시🍲 주문 가능, 왜 👀 [직썰]",2026-01-12,채널A News,955
M-TmNbkUJyM,#두쫀쿠 🧆 파는 훈남 사장님들이 운영하는 카페 대공개! @두쫀쿠 좋아하는 친구 태그 @친구야 훈남 사장님들 보러가자 #아홉커피 #AHOF #아홉,2026-01-12,AHOF,14629
rkLVjuyHnKI,"&#39;두쫀쿠 유행&#39; 여전...추워도 출서고, 직접 만들기까지 / KNN",2026-01-12,KNN NEWS,3041
yf7o-BTRjZY,두쫀쿠 처음 먹어봤는데...,2026-01-12,176cm앙파카,3469
thTCNN3Le_g,두쫀쿠로 안성재 셰프님 이기기,2026-01-12,마이데이지_mydais2y,2682
wxCATOSG8zc,두쫀쿠의 원조! 이보다 쫀득할 수 없는 100% 동네 어르신들로만 가득찬 진짜 맛집,2026-01-12,김사원세끼,37038
phxW_8Rl7nY,한 입 크기가 1만원? 비싸도 먹게 되는 ‘두쫀쿠’… 이젠 디저트플레이션 시대 #두쫀쿠 #두바이쫀득쿠키 #두쫀쿠가격,2026-01-12,SBS Biz 뉴스,3724
xqZc8e2hl8U,[#프리한19] 맛없없 두쫀쿠 피스타치오 스프레드🧆 진짜를 맛 보고 싶다면 ‘여기’로 떠나세요✈️,2026-01-12,디글 :Diggle,1720
Hvyhtl0Ts14,두쫀쿠 첨 드신 할부지 반응ㅋㅋㅋㅋ,2026-01-12,이라이라경 ravely,5086
BSlw7fL02CQ,드디어 일본에도 진출한 두쫀쿠,2026-01-12,아누누,46449
w0646O16ND8,"자폐아이 겨울 평창 여행, 두쫀쿠ASMR,집에서 몸놀이",2026-01-12,지니스펙트럼,9452
zZcUOMOMBPE,두쫀쿠🧆비즈키링 만들기!#비즈키링#비즈계#두쫀쿠#비즈#비즈키링만들기#diy,2026-01-12,세콤쓰,10748
Ksl_kXD7IeE,두쫀쿠 영접한 미국인 친구 리얼 반응ㅋㅋㅋ,2026-01-12,쉐리 SHERRY,16600
oY4Dw2Y5PJY,두쫀쿠로 다이어트 합니다,2026-01-12,고말숙GoMaLSooK,6152
K_3K9smjS-8,&#39;한입 1만원&#39; 두쫀쿠…디저트플레이션 부담되네 [NEWS 18],2026-01-12,SBS Biz 뉴스,267
HUbc_cznO4s,두쫀쿠 구하러 제주도 갔다가 아빠 얼굴 공개해버린 vlog,2026-01-12,정선호(Seonho Jung),18203
ppZaVjxKdVY,신생아는 두쫀쿠 몇개 크기 일까?,2026-01-12,아루아,13418
1a9R_jGdpL8,미니 두쫀쿠,2026-01-12,곤듀,9545
XQXgVaxQ6M0,두쫀쿠 vs 댕쫀쿠,2026-01-12,지유개 zziU & Ezzi,536261
4m_RQHXLpFE,여기저기 &#39;두쫀쿠&#39; 보도…고점 신호일까 아닐까 (ft. 김바비 작가) / 비디오머그 / 이슈빡,2026-01-12,비디오머그 - VIDEOMUG,7351
Iu8ffABTuiA,♥ 품절대란 두바이쫀득쿠키 만들기 |  두쫀쿠 막차탑승..🫶🏻 초간단 두쫀쿠 한번에 성공하는 레시피 | 실패없는 두쫀쿠 | 두바이쫀득쿠키의 모든 것 *✲ﾟ*｡⋆ ,2026-01-12,쭈닝,103
KuE3E1dnoFc,두쫀쿠보다 달달한(?) 연애고민상담쇼,2026-01-12,풍자테레비,111966
uvh0wSbjExI,두쫀쿠 유행이 긍정적인 이유,2026-01-12,멋사유튜브,57051
TScUgKgzYy4,🧆두쫀쿠 보다 큰 성진 마음 = 귀하다,2026-01-12,박성찐이야,31300
IWp8MnKwCos,두쫀쿠 대란 (The Dubai Chewy Cookie Frenzy),2026-01-12,조충현,50733
texfyUZ0k04,남사친이 두쫀쿠를 사다준다고?,2026-01-12,김켄지,26605
HE4rvC3suhU,"두쫀쿠 먹고싶어, 사줘🥺🙏",2026-01-12,イェリン어징🔥,15316
Dm8THQ7RkoM,동생이 두쫀쿠 뺐어가면😭,2026-01-12,오마이비키,55039
p5_cXRaGbAg,두쫀쿠 유행을 따라가는 마뱀이🤎#도마뱀 #애완동물 #파충류 #animal #lizard  #gecko #크레스티드게코 #반려동물 #두쫀쿠,2026-01-12,별빛게코(크레스티드게코 도마뱀집사),797
QoNkChQWYDg,韓国で今話題の #두쫀쿠 食べてみました！😆,2026-01-12,かん兄ブラザーズ🌶️,1754
BCp_E8aqMdE,두쫀쿠 vs 찹쌀떡 ㅋㅋ 진짜 두쫀쿠를 찾아라!!! ㅋㅋㅋ,2026-01-12,뚜아뚜지TV,490872
aefTJY4zJck,두바이 쫀득 쿠키(두쫀쿠) 뇌절 신제품들🍪.jpg,2026-01-12,똘킹,406960
YyKhvX2GNZE,맛없으면 싸대기 때린다는 두쫀쿠 맛보는 미군들 ㅋㅋㅋ,2026-01-12,ARMY AHN 아미안,196642
xKizmcnOVCo,#두쫀쿠 #두쫀쿠만들기 #미국일상 #미국vlog,2026-01-12,지니야 Jiniya,417
tdmiyEne8io,붕어빵 한 마리에 7500원?…&#39;두쫀쿠&#39; 이어 &#39;두바이 붕어빵&#39; 등장 #JTBC #Shorts,2026-01-12,JTBC News,16441
1ss9TcUXYbU,"두쫀쿠 너무 영롱해요~ 오픈런했는데 2시간이나 대기했어요 (feat, 아롬베이크)  #두쫀쿠 #두바이쫀득쿠키 #shorts",2026-01-12,TwinRoozi 쌍둥이 루지,7223
0j3hrogiyG0,카다이프 없이 소면만 가득 두쫀쿠 재료 바꿔치기 논란 / KNN,2026-01-12,KNN NEWS,2668
odbrdeGwl88,카다이프 없이 소면만 가득 두쫀쿠 재료 바꿔치기 논란 / KNN,2026-01-12,KNN NEWS,5590
M77mcPLeoOw,두쫀쿠가 그렇게 맛있어?,2026-01-12,쉬케치,84688
bXIK_BGbdXE,요즘 난리난 두바이 쫀득 쿠키(두쫀쿠) 인기 영상 TOP7은 뭘까?,2026-01-12,틱톡맨,4522
zJbLLk8oqJw,제니 무대보고 두쫀쿠마냥 쫀득하게 리액션 해주는 스키즈,2026-01-12,스키즈그램,94214
pTqwITOVTmM,‘두쫀쿠 (두바이쫀득쿠키)’ 빠진 대한민국? / 채널A / 뉴스A 라이브,2026-01-12,채널A News,2969
JiO41hXdp8U,부산에도 있다 두바이김밥!! 찐후기 #부산맛집 #부산두쫀쿠 #두바이,2026-01-12,율링,1188
uKuENqQLoiE,순대국밥 주문 시 &#39;두쫀쿠 1개&#39; &quot;이렇게까지 해야 하나&quot; 황당/ KNN,2026-01-12,KNN NEWS,16207
7w4lKtlunD4,[만평] 피스타치오 가격 2배 급등? &#39;두쫀쿠&#39; 유행 언제까지...? #두쫀쿠 #두바이쫀득쿠키 #피스타치오 #카다이프,2026-01-12,WIKITREE 위키트리,2209
iLLysOqtolY,&#39;두쫀쿠&#39; 임윤아도 만들었다!! 역시 ‘폭군의 셰프’ 숙수다운 실력🤩 #newsen #shorts #newsenplus #윤아 #임윤아 #소녀시대 #두쫀쿠 #두바이쫀득쿠키,2026-01-12,Newsen Plus (뉴스엔플러스) : 뉴스엔 ,2020
lumEX6t6aVo,치솟는 두쫀쿠 원가에도 가격 안 올린 곳,2026-01-12,매일맛있는거올라온다,20178
eTQiAPEnriQ,두쫀쿠보다 쫀득한 아트록스,2026-01-12,바테,205039
69nMdOkhK84,&quot;가격 두 배가 됐다&quot;...&#39;두쫀쿠&#39; 대란 엄청난 파급 [지금이뉴스]  / YTN,2026-01-12, YTN,4139
L89jPjWisfw,나만 못 먹은 것 같은 두쫀쿠 성심당 말차시루,2026-01-12,ㅇㅋ네,2825
lzGiH1uP0t0,&#39;두쫀쿠&#39; 인기에…피스타치오 가격 두배로 올라 / 연합뉴스TV (YonhapnewsTV),2026-01-12,연합뉴스TV,394
fiKT6OWXxPA,‘두쫀쿠’ 받은 손흥민 반응,2026-01-12,스탐,363644
ZVorXCr6gxA,미끼 상품 된 &#39;두쫀쿠&#39; #shorts / YTN,2026-01-12, YTN,3592
jcZWTL_6YI8,[돌직구 강력반]대한민국 휩쓴 ‘두쫀쿠’…‘갑질’ 논란까지? / 채널A / 김진의 돌직구쇼,2026-01-12,채널A 김진의 돌직구쇼,1432
sG5e_r2Q7TI,만드는데 2년 걸리는 미국에서 만드는 두쫀쿠😂 #미국주부 #미국생활 #미국일상 #미국브이로그 #두쫀쿠,2026-01-12,미국사는정아씨,21752
DzYzaMlEwJM,두쫀쿠 5종 비교~~~~ !!! 🧆 #두쫀쿠 #두바이쫀득쿠키 #먹스타그램,2026-01-12,세인SEINLOG,90684
349_thnGmSA,"[시선집중] 명품부터 &#39;두쫀쿠&#39;까지 2030 줄서기 대행 유행...시간을 파는 알바? - 유승민 작가[6분집중], MBC 260112 방송",2026-01-11,MBC 라디오 시사,1833
SPzYXCF8DqI,썰예연#추천#두쫀쿠,2026-01-11,썰예연,980
TD3onlUlsMk,두쫀쿠 만들다가 생긴 일☄️ #만들기 #diy #쉽게만들기,2026-01-11,나뇨 DIY,25121
LYxHHbPKIAA,야미스쿼트 야미두쫀쿠 | 약도 없는 임산부 감기 | 임신19~20주차 ,2026-01-11,헬씨수영 healthy_swim,690
69jnWxa8MKw,"[Live] 손흥민 피셜 &quot;두쫀쿠 비싸다&quot;… LAFC 복귀, 첫 경기 일정 / 현 토트넘 라커룸, SON 그리워 함",2026-01-11,축구는 정석이,8053
zvOEvC2TVRQ,되는대로 사는 공주의 하루 Day 95 | 눈 오는 날 두쫀쿠 원정 다녀온 하루 🚗❄️,2026-01-11,공주의하루,1851
rcDfdIi0lKg,대구 서문시장 두바이쫀득꼬마김밥 &amp; 두쫀쿠 딸기 까지 #대구맛집 #대구카페,2026-01-11,효제로,19816
FyL4vYZe4Jk,두쫀쿠 권력 먹방ASMR 🧆🧆🧆🧆🧆,2026-01-11,루시 잇힝_eatingASMR,24724
TQ5mBfkCB-I,애스턴마틴 타고 두쫀쿠 먹으러가는 브이로그,2026-01-11,남자들의 자동차 - 남차카페,11204
A2d7zbV7N5o,동창회 가시는 고갱님 두쫀쿠🧆메이크업 도와드릴게여🙏,2026-01-11,오닝oning,23754
hmIlWgTptfY,에이핑크 두쫀쿠 댄브 구간,2026-01-11,꿀재미슈,14421
wsq33iv8_Ow,편의점 두쫀쿠 #두바이쫀득쿠키 #두쫀쿠 #cu,2026-01-11,서 꾸러미,21660
gb_uhUOQ7mk,집돌집순의 평범한 어느 겨울 날... (출산+두쫀쿠+홍상수+에르메스..? 그리고 보리),2026-01-11,O’WON오원,12776
QgvjVekeM-A,SUB)두쫀쿠 먹방!🧆두바이와플 초코케이크 도넛 소금빵까지 두바이디저트특집 Dubai Chocolate Dessert Mukbang Asmr,2026-01-11,문복희 Eat with Boki,399688
1rDEMCublm0,“두바이 쫀득김밥“ 만드는 모든 팁 대공개! 두쫀쿠 장인이 알려주는 실패 없는 레시피 ,2026-01-11,Gombom,5561
1cHqVaafXBQ,예비신부의 두쫀쿠 만들기..🧆,2026-01-11,푸들커플,237519
wXbN1zNizCk,두쫀쿠 끊는 고급 방법 풉니다..#두쫀쿠#두쫀쿠끊기,2026-01-11,혠스클럽,15714
RT4EHZEwvNM,두쫀쿠의 시대는 가고 멜론튀김의 시대가 왔다,2026-01-11,침착맨,1220856
AyUFeDkJfFM,가성비 베라 두쫀쿠 이거 어때?? #shorts,2026-01-11,Jings ASMR 징스,22126
no6XKUl3OYI,신곡이 두쫀쿠보다 쫀득함🇦🇪❤ #phonk #spiderdancefunk #brazil #funk #electronicmusic,2026-01-11,Gihooobang,11500
jOv0N9EN4tw,이건 얼마일까? 재료비 폭등한 두쫀쿠 케이크 만들기,2026-01-11,아침밥 차려주는 남편 YoriHoney,796410
DkfgZeNeDK8,두쫀쿠를 잇는 한국에서 대박 날 디저트,2026-01-11,수상한 토마토,9953
Lomopv4FZ9k,[엔믹스] 날 미치게 하는 두쫀쿠,2026-01-11,설윤아,8822
tEDJAwq6Gig,두쫀쿠가 너무 좋아요!! #ai쇼츠 #ai영상 #귀여운동물 #강아지영상#두쫀쿠,2026-01-11,쫀득캔디,1887
xJz9vZvDWhI,디저트 먹는 소리듣고 어떤 디저트인지 맞히기 (ft.두쫀쿠),2026-01-11,인싸가족,524280
v9lVaSYCOUo,&#39;두쫀쿠&#39; 열풍에 가격 고공행진…30만원짜리 &#39;대왕&#39;도 등장 / KNN,2026-01-11,KNN NEWS,3269
9eFzfJSnfX8,확률은 50%! 둘중에 하나~ 두쫀쿠 고르기~!,2026-01-11,뚜아뚜지TV,589853
Ub-WIaczzZ8,30대 해장 두쫀쿠 브이로그,2026-01-11,츄라임 Chu Lime,237321
pDYnGrtqmUE,두바이 쫀득 쿠키 두쫀쿠 💚🤎 범계 3층다락방 #shorts,2026-01-11,피치몬드 Peachmond,3291
w_VhmTL8NGU,선재스님께 두쫀쿠 하소연하는 안성재 #안성재 #선재스님 #두쫀쿠,2026-01-11,셰프 안성재 Chef Sung Anh,2245917
ryqIXvEJyPo,탕후루의 달인에도 두바이 쫀득 쿠키가 있다면!? 두쫀쿠 vs 눈꽃나라 파르페 비밀 레시피!! [새상놀이터],2026-01-11,새상놀이터,20285
aLsN82mY-UU,두쫀쿠 판매 중단,2026-01-11,최텐텐,314202
u3AB1xMbr1g,노시환) 두쫀쿠가 뭐예요?,2026-01-11,크보남자,101394
M35BHJlbS-4,사장들 &quot;이제 안 팝니다&quot; 한탄 &#39;두쫀쿠&#39; 손절 폭주한 이유는?/ KNN,2026-01-10,KNN NEWS,4218
EEvBZIVbSkc,초가성비 두쫀쿠 몰카 성공할까? #shorts,2026-01-10,송티즈는 못말려,6349
YIONXEe-5bk,두쫀쿠 먹고 혈당 스파이크 온 박지원,2026-01-10,이프나,45139
dj_LxwARKYw,스님한테 두쫀쿠 사건 이르는 안성재ㅋㅋ,2026-01-10,굳뜨셀럽,576619
1HQjU54lgow,❤️‍🔥드디어 두바이 쫀득 쿠키 집에서 만드는 두쫀쿠에 미친 부부🤤❤️‍🔥,2026-01-10,하이델빌리지 Heidel Village,938261
szCWZ_4u6hU,[#간식게임] 두쫀쿠보다 중독적인 기니즈의 재롱잔치🧆 언니 오빠들은 어느새 기니 홀릭..★ #highlight#놀라운토요일 | amazingsaturday EP.400,2026-01-10,놀라운 토요일 Amazing Saturday,30328
NFmB2ehkjlA,두쫀쿠 13초 사건..,2026-01-10,채널 명예훈장,59777
jDimPBB_M18,두쫀쿠 먹을꼬야,2026-01-10,박나나,21090
7_IV9RNdgxg,리쿠야 두쫀쿠 많이 먹어라. 허리 한줌이다,2026-01-10,최찌엥,11415
EAaHcnPfJbs,선재스님한테 &#39;두쫀쿠&#39; 하소연하는 안성재,2026-01-10,쇼츠클립,164905
pxkzXm0ouBY,대구 신세계백화점 두쫀쿠 팝업시작-!,2026-01-10,쭈리니,19384
61i7m36xElw,두쫀쿠 유행종결,2026-01-10,좋은희Joeunhee,19794
mjJJePtBRcw,두쫀쿠 먹고 싶은 사람 #minecraft #마인크래프트 #minecraftshorts,2026-01-10,벨로,5951
IP1dzwNesqI,두쫀쿠 가격 듣고 화들짝 놀란 아이돌,2026-01-10,대유잼 연구소,15285
itnYws99lpg,나 오늘 드디어 먹어봤어요...두쫀쿠...❤️ #diypainting,2026-01-10,집순이 집니 zipni,17753
J5rQRtiZSQw,두쫀쿠 끊었어요,2026-01-10,초초코비 chochocobee,5235
uoZTBPkx2ww,Pov: 두쫀쿠 오픈런하는 커플,2026-01-10,블랑츄,15391
bl5ZCSZdcgg,[트리플에스] 어떻게 사주가 두쫀쿠,2026-01-10,맛을아는아이,8825
UjjgA2kDK6Y,환장 RPG 두쫀쿠 대소동,2026-01-10,김동희 세계관,1098372
B4itAPRPRX8,팝핑 두쫀쿠가 있다?💥 두바이 쫀득쿠키 먹방 #잔망루피 #두쫀쿠 #먹방,2026-01-10,잔망루피 ZANMANG LOOPY,37296
EoJxekmXg3E,두쫀쿠 특,2026-01-10,자체공감,828562
YsYRG-Z7AfY,녹색아버지 최재훈 / 새신랑 하주석 / 갤러리아 가서 두쫀쿠 사 먹은 오재원 [비시즌 B컷],2026-01-10,Eagles TV,142104
MxVM8VNo7eg,두쫀쿠 뭔데 이렇게 비싸! 차라리 내가 만들어준다! 꼰대가 직접 만든 두쫀쿠! 과연 그 맛은? (꼰&amp;잼),2026-01-10,꼰&잼,66955
gE1nxr4S09A,선재스님 만나 두쫀쿠 논란 돌파하려는 안성재,2026-01-10,요부해,32210
iiqhdr-0Jfw,두쫀쿠 처음 먹어 본 박지원,2026-01-10,케이팝짤짤,22779
laWAtGkjYAo,두쫀쿠 왜케 비쌈? #추천 #두쫀쿠 #포카포장,2026-01-10,쏠,4795
9dkwch-onj8,두쫀쿠보다 스윗한 신형만 #짱구는못말려,2026-01-10,재밌구,112598
euimDixWtY8,두쫀쿠 재료비5만원! VS 재료비5천원! 두바이쫀득쿠키 당신의 선택은???,2026-01-10,인싸가족,226451
Yia2cXO0BeQ,두쫀쿠 타워에서....?  #좋아요댓글 #구독부탁합니다  #로블록스 #두쫀쿠 #두바이쫀득쿠키 #두바이,2026-01-10,"브롤,아이브팬",18348
8YnFhO6tvhg,두쫀쿠먹는 아빠 리액션,2026-01-10,독고다희 DokgoDahee,15853
6r6qR1rB9zw,두쫀쿠가 뭐길래? (비싸서 안사줬더니~_),2026-01-10,베이비톡,11126
O0liBQWeopA,두쫀쿠 공장장 다주,2026-01-10,다주,193671
WCdI9Nr5meU,[엄마가 만든 개쫀쿠 후기] #강아지간식 #두쫀쿠 #강아지수제간식 #꿀고구마 #시고르자브종 #강아지vlog,2026-01-10,노리로,141317
1n-xvzZw1D4,안유진이 비서진에게 선물한 두쫀쿠 맛은?🧆  | 내겐 너무 까칠한 매니저 - 비서진 | SBS,2026-01-10,SBS ,1176706
r1L8HOju-m0,[#습집🗂] 두쫀쿠 모르면 뭐 어때~? 우린 퀸&amp;킹이니까👑 가요대전 안방마님 안유진 수발하러 온 두 아버지ㅋㅋ | 내겐 너무 까칠한 매니저 - 비서진 | SBS,2026-01-10,SBS ,199760
k-W0y5-zaLs,두쫀쿠 이거 어때??🧆 ASMR Marshmallow Eating Sounds #shorts,2026-01-09,Jings ASMR 징스,47695
RJKeoFpi-cA,두쫀쿠의 진실,2026-01-09,숭기,24588
rGUXxEfKkQo,불닭 두쫀쿠 혼밥 [174cm52kg 입짧은 먹방],2026-01-09,새니 SENI,168030
_xAo4-nuNYE,만병통치약 두쫀쿠 #개그콘서트｜KBS 260104 방송,2026-01-09,KBS 한국방송,32368
rU-yGYrzV3M,할머니의 요리비밀 ‘두바이딱딱강정’ #안성재 #두쫀쿠,2026-01-09,객끼,981864
etZgX2a-gPE,아이브 장원영 상상이상 두쫀쿠 사랑?,2026-01-09,KPOP플레잉,18024
aHViEs1VZBE,두쫀쿠 먹을필요가없다 하트가 더 달달하다 #김해리치어리더 #김해리 #金海利,2026-01-09,125vv,54081
lKpRUQmiagU,두쫀쿠 먹지마... 훨씬 더 부드럽고 사랑스러운 에이핑크가 있어... #엠카운트다운 #MCOUNTDOWN #Apink #에이핑크,2026-01-09,Mnet K-POP,17359
RPAWwNY62q0,두쫀쿠 못먹는 대신 찹쫀케 먹기 #일본간식 #일본여행 #일본편의점 #먹방,2026-01-09,오유하 Oyuha,8348
5FON1XlBLwc,두쫀쿠는 처음이라,2026-01-09,우미디,251989
qBDDmdy4zHc,두쫀쿠 저는 별로던데요..내 마음의 별로..✨🧆 #ipaddrawing #procreate #아이패드드로잉 #프로크리에이트,2026-01-09,띠웅,52126
r6UKqGLr_Ug,두쫀쿠 때문에 지금 난리 난 이유,2026-01-09,뷰파인더,25276
uYTF8PjFp7I,안성재 셰프가 만든 논란의 두쫀쿠,2026-01-09,도롱챠 DOLONGCHA,652791
Uowvgsv2nqA,[두쫀쿠요리사: 랜더스 베이킹 전쟁] - #박성한 #안상현 #최준우 의 두쫀쿠 만들기🧆👨‍🍳,2026-01-09,SSG랜더스,91726
2-slnJHZNCA,두쫀쿠 어디서 샀는지 알려줘.. #윤지성 🧆,2026-01-09,로시 Rossy,10046
L0m5n3xYWO4,두쫀쿠 유행에 일침을 날려버리는 여돌,2026-01-09,플로버드루와,193866
iEr0A1pBMKA,엽떡 허콤 대방어 마라샹궈 닭발 피자 두쫀쿠 설빙 스초생,2026-01-09,숏박스,3350738
Z735EvYjLT0,💚🤎드디어 두쫀쿠🤎💚 두바이 쫀득쿠키 먹방 #잔망루피 #두쫀쿠 #먹방,2026-01-09,잔망루피 ZANMANG LOOPY,39063
NcFNmACKpJA,몰래 두쫀쿠 먹은 원희,2026-01-09,희로,20441
7RWKVbaBR1Q,"“이번엔 붕어빵이다”... 두쫀쿠 이어 두바이 소금빵, 두바이 김밥까지 나온 두바이 디저트 근황 / 14F",2026-01-09,14F 일사에프,26490
BYB4DtuONVY,두쫀쿠 좋아,2026-01-09,썰플리,343018
faLGFHK2MWs,두바이 쫀득 쿠키 #두쫀쿠 🧆 오픈런 했어요 #강아지인터뷰ai #동물ai,2026-01-09,좋아하는 일로 먹고 살기,16128
K7Ex7-pgwXg,두쫀쿠 걸고 자매 싸움ㅋㅋ 챗지피티한테 물어봄 누가 이길까? #두쫀쿠 #자매 #상황극 #재밌는영상,2026-01-09,유라야놀자(Let's play YURA),98953
ATGbAKrDYjM,다이어트 두쫀쿠 참지마세요 #이기용 #오운완 #다이어트 #두쫀쿠 #칼로리,2026-01-09,이기용기,7782
JjC09-SEkts,진짜 두쫀쿠에 미친 두친자가 가는 곳.,2026-01-09,잇츠에디터,18895
eZotM1jcgMM,가짜 두쫀쿠 딸이 알아차릴까?,2026-01-09,좋아혜죠,3219639
GHd73FxzAj0,"두바이에서 두쫀쿠 먹방💚 | 루피가 찾은 인생 두바이 쫀득 쿠키는? | 잔망루피 먹방  Dubai Chocolate, Dubai Chewy Cookies Mukbang",2026-01-09,잔망루피 ZANMANG LOOPY,57463
_FA-2XudD_g,인기 미쳐버린 두쫀쿠 만드는 야구선수들,2026-01-09,야구소식,14709
4qpsH9FRMVA,초간단 두쫀쿠 레시피!!,2026-01-09,먀쿡,27734
fLr_WjTibAY,오늘 디저트는 “내맘대로 두쫀쿠”#집밥브이로그 #cooking #오늘도요리 #food #요리로그 #디저트 #디저트브이로그 #두쫀쿠 #두쫀쿠레시피,2026-01-09,수야홈,8506
zJLAtg1GL5Q,오마카세 셰프의 &#39;두쫀쿠&#39;…&quot;이걸 왜 여기서?&quot; 묻자 #shorts,2026-01-09,SBS 뉴스,21732
aFmvnGhpehs,두쫀쿠가 아이돌에게 미치는 영향 #shorts,2026-01-09,돌픽,20758
sr8tRteU7O0,두쫀쿠 이전에 [[종합제리]]가 있었슨,2026-01-09,오늘 뭐 먹지?,31485
uzeaUHr__Qk,#최신메이크업 #MakeupTrends #KBeauty #k뷰티 #두쫀쿠 #BeautyLover #MakeupAddict,2026-01-09,헤어몬 Hairmon,24255
FuRcn4qpphQ,[2025 MBC 가요대제전] 두쫀쿠 왜 먹지... 그거보다 쫀득한 애니모션 댄브가 있는데... #Hear,2026-01-09,MBCkpop,10284
eie-VaOPZ_Q,줄서기 싫어서 예약하고 먹었어여 .. 📍메이시스 #두쫀쿠 #부산두쫀쿠 #두쫀쿠예약 #부산카페 #두바이쫀득쿠키,2026-01-09,슬아투니 seulatuni,19904
5D5N0dCuF64,[선공개] 아이브를 위한 비서진의 두쫀쿠 찾기 프로젝트?! 아 아부지 이거 두쫀쿠 아니에요ㅠ!!!🧆 | 내겐 너무 까칠한 매니저 - 비서진 | SBS,2026-01-09,SBS ,179780
ttf_bZ829WQ,아빠 두쫀쿠 첫경험,2026-01-09,독고다희 DokgoDahee,17978
_3mrUYuci_o,두쫀쿠로 배우는 맛 표현,2026-01-08,부끼쇼 vkki,8604
aNQ8G2vG4rg,두쫀쿠 시작 전 카이막이 원조,2026-01-08,잇츠에디터,10338
z-zTOZQ7iTc,LA 두쫀쿠 맛집을 드디어 찾았다!! (내돈내산 광고X),2026-01-08,하이파이브 : LA 최고 예능라디오,8534
rszAjoN-uOE,두바이 쫀득 쿠키 만들기 (두쫀쿠 레시피),2026-01-08,한세 HANSE,141678
V0Jwy-HItis,새벽 두시에 두쫀쿠 먹는 이유?? (ft.소신발언) #shorts,2026-01-08,Jings ASMR 징스,109830
N9mAAPJlGQU,요즘 해외에선 두쫀쿠 말고 이게 유행이라고??,2026-01-08,신기+템,1842836
wWYWp9VEO4k,두쫀쿠를 이길 꾸앙쫜득빵! 드디어 택배로 받았는데...ㄷㄷ,2026-01-08,띠미 ddimmi,175735
RNqhJSYY0lA,두쫀쿠 먹고 입술 사수하는 홍은채 ㅋㅋㅋ,2026-01-08,퀸세라핌,429976
FGT3R6XYgTA,🍓딸기 두쫀쿠?!?!!?!?!?!!!??🍪 Dubai strawberry chewy cookie?! #tanghulumaster #탕후루의달인 #フルーツ飴の達人 #mukbang,2026-01-08,Tanghulu Master - Lulu Official,93337
nEOU-QlGJfk,두쫀쿠 가격 소신발언 한다 [프로미스나인 지원],2026-01-08,story속은paradise,1440967
M6q1g1nrij8,[프로미스나인] 요즘 유행하는 두쫀쿠 리뷰하는 박지원,2026-01-08,오늘부터 플로버,19764
ZcKMR3iCsgA,두쫀쿠 처음 먹어 본 박지원,2026-01-08,우리 바보 아니야,1200899
LEk_PQ6w5gw,요즘 없어서 못 먹는다는 두쫀쿠😎 The Dessert Everyone’s Hunting for These Days #이상호 #김자연 #상자부부,2026-01-08,상자부부 SangjaBubu,9520
QrKNnXVDhJk,"[스타 세이비어] 두쫀쿠, 돌파 모든 것을 해?명하다🔥/ 마력이 떨어진 뱀의 혀🐍 / 1월 7일 스세 공식방송 정리",2026-01-08,퀴디온 Qidion,3692
a2IelZ9wfrY,두쫀쿠 칼로리가 엽떡보다 높다는데...?,2026-01-08,모코 파르페,14812
PR0lWIAa37A,세상에서 제일 맛있는 두쫀쿠 찾아보겠습니다 #shorts,2026-01-08,현수에요,26898
FX3sI1SDpUE,이걸 굳이 1시간 줄서서 사왔다고? #두쫀쿠,2026-01-08,제주커플jeju-couple,596497
DprMqitGjfY,두쫀쿠 재벌 된 박지원의 두쫀쿠 먹방 ㅣ 요즘 핫한 21가지 디저트 리뷰 #젼메추 ep2,2026-01-08,스프 : 스튜디오 프로미스나인,231981
PlEyYsUJUIg,두쫀쿠 왜 먹음? 더 바삭하고 달콤한 아이덴티티 내돌차가 있는데🧆🍫🍭｜idntt(아이덴티티)｜Pretty Boy Swag｜내돌의 온도차｜GAP CRUSH,2026-01-08,1theK Originals - 원더케이 오리지널,577283
SXVwDkejrYk,드디어 두바이 쫀득 쿠키 먹어봤다 🧆 #손태진 #두쫀쿠 #리뷰,2026-01-08,진이 왜 저래,29667
bg8UINENJ40,새해에 걸스나잇 보내면서 엽쫀쿠 두쫀쿠 괄쫀쿠 하면서 수다쫀쿠 하는 쫀득브이로그,2026-01-08,좋은희Joeunhee,55351
KhLgaWGIQdo,대왕 #두쫀쿠 를 받아라🧆 #shorts,2026-01-08,신사장,16765
jXt_XBanO_o,여친 몰래 두쫀쿠 3일 연속 주문한 두쫀쿠 중독남,2026-01-08,동수칸TV,279782
akjNcyjL-H4,둘 다 내가 만듦 (복유정&amp;두쫀쿠) #두쫀쿠 #두바이쫀득쿠키 #아기쇼츠 #아기 #cute,2026-01-08,복유정네(구 팬꿀맛),32001
M6XKpLdeRPs,장원영은 두쫀쿠 몇개나 사먹을 수 있을까? #장원영 #wonyoung #아이브 #두바이 #두쫀쿠 #디저트,2026-01-07,핫뜨거방,1010872
_TPF-jAeqRw,장원영 두쫀쿠 사랑🧉💚,2026-01-07,chohee market,17068
tQ63gtSh4Kc,[4화 선공개 / 第4回 先行公開 予告] 두쫀쿠보다 중독성있는 려욱 버스킹 | Change Street ver. #체인지스트릿,2026-01-07,체인지스트릿Official,474901
CX8lvdnQ_Bo,두쫀쿠 vs 제육덮밥,2026-01-07,전현표입니다,22608
LAzX66wt7IM,진짜 의외라는 두쫀쿠 원가,2026-01-07,꺄오옷,598777
hz8EnPECEkc,엔믹스 배이 두쫀쿠 먹방 찐반응! #엔믹스 #nmixx #두쫀쿠 #두바이쫀득쿠키,2026-01-07,큐리컷,19480
QvRAZIvGy6Y,두바이 쿠키말고 두쫀쿠 달라니까..;; #아이브,2026-01-07,스타한줌,25150
aIMLB2X1g0o,두쫀쿠 현실,2026-01-07,이곤 머지,117486
Puzfimu0XqQ,2026년 1월 7일 잡담: 두쫀쿠 시식 / 흑백요리사2 / 90년대 비디오 대여점의 추억 / 에반게리온 1화 요약,2026-01-07,긴펄,31571
vc5pboHYfT0,아빠 혹시 두쫀쿠 알아?!,2026-01-07,구봉바다낚시 뽀식이,16199
GKSTtOaBdIo,두쫀쿠,2026-01-07,한세 HANSE,1619354
BBlJXFRDY9M,두바이쫀득쿠키가 싫은 사람 #shorts #두쫀쿠 #유머,2026-01-07,레블 ReBL ASMR,1156800
ZSL6BLScT5g,반지하 동맹이 두쫀쿠 먹는 방법 #야구 #공감,2026-01-07,만덕초이,298607
ca7DQdH0pVc,두쫀쿠 더 맛있게 먹는 법,2026-01-07,파쿠르 선수 김주성,32851
R8Mm-SDS4HY,두쫀쿠 대신 누룽지 만드는 엄마 ㄷㄷ,2026-01-07,로맨툰romantoon,19609
JK2-L8eZm1o,아들 과자 뺏어서 두쫀쿠 만들기 2편 #두쫀쿠 #두바이쫀득쿠키,2026-01-07,제이월드,64636
B4C6qfWQNPo,두쫀쿠보다 쫀득한 잘못된 만남,2026-01-07,창타지오 (LEECHANGSUB OFFICIAL),179286
a93pXX5bCp0,솔직히 이 정도 꼬시면 넘어오지 않나요..? #두쫀쿠 #두바이쫀득쿠키,2026-01-07,흥둥이,62298
uqQiX352XEw,"그냥 디저트는 다 좋아하는 김혜윤과 두쫀쿠 모르는,, 로몬의 K-디저트 취향 공개✨ | 오늘부터 인간입니다만 | SBS",2026-01-07,SBS ,373444
emN-i0mdo9o,두쫀쿠🧆 소신 발언할게요… #백현 #BAEKHYUN #Reverie #ReverieTour #Reveriedot,2026-01-07,백현 Baekhyun,220829
k9gUAJPpY8Y,대한민국 VS 두바이 세금차이는 어떻게 될까 #두바이 #두쫀쿠 #절세 #세금 #세무법인엑스퍼트,2026-01-06,택스 프레지던트 김조겸 대표세무사,29252
sWirIO1heL0,두쫀쿠 만들기 3초컷,2026-01-06,담넘은담,20870
o0GwBuCkEqI,드디어 나도 먹었다 두쫀쿠!! #추천 #두쫀쿠 #두바이쫀득쿠키 #asmr #브이로그 #vlog,2026-01-06,유쿄,33010
3jS9fhVdorE,"만약 두바이 쫀득쿠키가 사람이라면,, #shorts #두쫀쿠",2026-01-06,한삐우hanbbiwoo,49625
NpZ4pL8udFM,생일케익으로 두쫀쿠 구해온 남편,2026-01-06,얼미부부,1518685
zzKff0G15Wg,두쫀쿠 10배 사이즈 부르주아 먹방,2026-01-06,황형구,94375
oFQTUxAC0go,두쫀쿠 누가 만들었어!,2026-01-06,세얼간이3idiots,284388
4WeG00n5bOw,"🍫편의점 두쫀쿠 3대장✔️CU 유라가)두바이쫀득찹쌀떡 3,100원 ✔️세븐일레븐 카다이프쫀득볼3,200원✔️GS2⁵ 두바이쫀득초코볼2입 5,800원여러분들의 선택은?#두쫀쿠",2026-01-06,온순이,13007
_Q5qy5K7Cs0,슬기로운 간식생활 #두쫀쿠 #세븐일레븐 #편의점 #편의점두바이 #두바이 #신상 #던킨 #도넛 #도넛먹방 #빵순이 #먹방,2026-01-06,Sugary슈가리,14255
StZpk64sSpo,에스파 의리 두쫀쿠보다 쫀득하고 달콤함,2026-01-06,광야쿵야,31391
zmU4lQgEZQk,"1분컷, 두쫀쿠 만들기 🍩 (이제 좀 질린다 🙂) #shorts #두쫀쿠 #두바이쫀득쿠키 #두쫀쿠레시피 #찰떡파이",2026-01-06,요가포트만 yogaportman,21218
jils0fRg1TE,두쫀쿠보다 쫀딕이차가 대세지 #요즘세상사용법,2026-01-06,MUPLY 뮤플리,12326
_fpQDtb5rhk,세븐일레븐 신상!두쫀쿠?카다이프 쫀득볼!#신상 #간식 #디저트 #두쫀쿠 #리뷰,2026-01-06,빵터진 엄마,22311
7sIQn2sCJ4A,15000원짜리 두쫀쿠 &amp; 하이디라오 VVIP [174cm 52kg 입짧은 먹방 브이로그],2026-01-06,새니 SENI,117050
cDDij-Kgz4k,연남동 두바이쫀득쿠키 맛집을 1등을 찾았다 #두쫀쿠 사랑해 #vlog,2026-01-06,Go_orzl,2352
V8wxZuzl-_o,[트리플에스] 두쫀쿠 탈덕했습니다,2026-01-06,하연하다,4894
NoLRbju7aB8,남편한테 두쫀쿠 먹여봤습니다,2026-01-06,개찌부부 Geazzibubu,23473
MT5sYstJKb0,내 두쫀쿠가 어디갔나 했더니,2026-01-06,뭐든하기루,975182
pH9_aTus5ok,두바이쫀득쿠키 두쫀쿠 페니면 레시피,2026-01-06,깨비두두리,303254
Q_7HCBnQgSI,"&quot;두쫀쿠&quot; 잠깐의 유행일까? 스테디셀러의 탄생일까? | 마카롱, 소금빵, 마라탕, 두쫀쿠 Let&#39;s go",2026-01-06,고요한 식당,4648
n_LjvBk4Lak,집에서 두쫀쿠🧆 만들고 밖에서 맛있는 연말 보내는 브이로그(홈메이드두쫀쿠/이가네양꼬치/투파인드피터/머리볶기),2026-01-06,좋은희Joeunhee,64290
1WbdW_cVA5s,두쫀쿠 업계 지금 난리난 이유,2026-01-06,한입충전소,17402
QSgXd-7tXI4,배이 두쫀쿠 이렇게 깨끗하게 먹는다고?,2026-01-06,더있슈,3166024
jeIEY--9Avk,두쫀쿠가 내 삶에 미치는 영향..🧆,2026-01-06,옐언니,386820
sO0yzY4zo1I,"임짱 오이라면 &amp; 두쫀쿠, 이거 왜 먹는 거임? 엄격한 평가 갑니다.",2026-01-06,동수칸TV,245559
iJcH4v-L28Y,(남한VS북한) 북한 사람들이 두쫀쿠 못먹는 이유?! #북한 #남한 #비교,2026-01-06,기리기리,78679
mTYgPPw4CXc,두쫀쿠 처음 먹었을 때 반응,2026-01-06,류제홍 RYUJEHONG,215615
cLoFfZvM6Ss,두친자 진짜진짜최종.. 🧆 #shorts #두쫀쿠 #두바이쫀득쿠키 #두쫀쿠레시피,2026-01-06,요가포트만 yogaportman,85899
D7Kc10Dx7fo,두쫀쿠 안 먹어본 친구들 타락시키기ㅋ,2026-01-06,예랑가랑,141821
HD3gGpXpsTA,탈지분유 없이 만들기! 두쫀쿠 2탄🧆 #두바이쫀득쿠키 #두쫀쿠 #두쫀볼 #두쫀쿠만들기,2026-01-05,민수무강 Minsoo long life,66714
OE8VdnQ5YGI,두바이김밥 원가알고나면 납득될까? #두바이김밥 #두쫀쿠 #레시피 #피스타치오스프레드,2026-01-05,쿡랩,13812
11LsRe9S-VU,어딘가 좀 많이 이상한 &#39;두쫀쿠&#39; 근황,2026-01-05,숏구리,34390
9Yuwrn3Bfw8,드디어 두쫀쿠 인증한 원영이 ㄷㄷ #kpop #ive,2026-01-05,멍잇슈,139879
OBlHQZL5hqw,두쫀쿠의 악마,2026-01-05,둥근 해둥 떴습니다,43691
KxxD9rrhB5Q,"260104) 두쫀쿠&amp;오이라면 쿡방 후열 아이온 [다톡방,요리방송,아이온2]",2026-01-05,다주보기,6349
61RXV1um05A,두바이엔 없는 &#39;두쫀쿠&#39;가 뭐길래…매장마다 오픈런 행렬 [뉴스9],2026-01-05,뉴스TVCHOSUN,3863
bY7HER37iXw,햄깅이랑 두쫀쿠 만들기💕💕 새해기념 햄쫀쿠,2026-01-05,햄깅,9825
-p0i2tfD5pg,"유행 따라가기 힘들다..! SNS 핫한 음식들 먹는 브이로그😝 응떡 카레크림, 두쫀쿠 만들기, 10분 멸치칼국수, 빠다요거트, 방어",2026-01-05,인영 forever young,74560
jPSuxlg7D_s,개비싼 식용 말랑이☁️ #쫀득빵 #두쫀쿠,2026-01-05,다인메세지,54392
KyQex-Wk3Ow,두쫀쿠 이름만 듣고 재료 다 맞히는셰프의 능력! #두바이쫀득쿠키#두쫀쿠#맛집,2026-01-05,박준우의 준네 맛있어,3133980
8N4kcA6zHRg,[TWS/투어스] 멤버가 두쫀쿠 직접 만들면 생기는 일 ㅋㅋㅋ 두쫀쿠 직접 만든 지훈이ㅋㅌ,2026-01-05,말랑만두 MRMD,81169
wbIP84M9NZQ,다 수제로 만드는 두쫀쿠 #두바이쫀득쿠키,2026-01-05,에리쿠 홈 LE que Home,319968
CENzN_BYK5M,두쫀쿠 씨리얼로 우유에 말아 먹기,2026-01-05,내하루,165120
HSIgIDyDfX0,피스타치오 2kg로 두쫀쿠 만들기,2026-01-05,꿈스토랑,609730
ShEeTmJXj6Q,두쫀쿠 처음 먹어본 와이프...,2026-01-05,별난부부,522766
kEq43XYBc3M,세븐일레븐 두쫀쿠 솔직리뷰,2026-01-05,한니,17453
J_wTQEng74A,두쫀쿠!! 드디어 먹어봄👍🏻두바이 쫀득쿠키🍪,2026-01-05,굿찌 GOODZZI,61787
L1Y3Esgbdlo,두쫀쿠는 못 찾지,2026-01-05,본체만채홍은채,22586
E3d4S4h2hqI,두쫀쿠 천개 주문오면 생기는 일,2026-01-05,잭푸디,1187221
Zoeh3iCMvVM,두쫀쿠 레시피 재료 출처,2026-01-05,디저트동민,379235
pZ2CrIVkndI,두쫀쿠 외면하기 실패하고 대량생산한뒤 젤 많이 들은말 : &quot;탈지분유 안넣어도 되요??&quot; #두쫀쿠 #두쫀쿠레시피 #두쫀쿠만들기 #두바이 #두바이쫀득쿠키 #chocolate,2026-01-05,Piggest | 피기스트,24830
XtM6VRKRzak,두쫀쿠❤️ 가성비 두바이 쫀득 쿠키 만들기,2026-01-04,또또로그 ttottovlog,8421
T092SA07Nz4,두쫀쿠 끊기 1일차..😭 #몬트쿠키 #두바이쫀득쿠키,2026-01-04,몬트쿠키 | 두바이쫀득쿠키 원조🧆,88934
SooWv2mjVaM,#asmr 오늘 하루만 두쫀쿠 참아주세요...🧆🥹 #asmrsounds #asmreating,2026-01-04,혜리미 HYERIMI,37157
5Dm7xNtQm-8,두쫀쿠.. 맛있잖아?!🤪줄서서 사올만하다! 🍪두바이 쫀득 쿠키 먹방 Dubai Chewy Cookies ドバイチューイークッキー,2026-01-04,온화 ONHWA,51866
hAf6F30xops,안성재 두쫀쿠 최근 반전 근황,2026-01-04,과몰입훈련소,1224517
OXeoDUSGUSc,세븐일레븐 3200원짜리 두쫀쿠?,2026-01-04,과식이,82056
gWO0Fs5b0m4,두쫀쿠 살 때 공감,2026-01-04,요즈매,398258
dwMYOTCxsQw,개비싼 흙감자🥔 #두쫀쿠 #두바이쫀득쿠키,2026-01-04,다인메세지,125638
dbwD9zhyXzI,요즘 난리인 두쫀쿠 현실 리뷰ㅋㅋㅋ,2026-01-04,아아한잔,26309
Qf4XVsiNRfs,두쫀쿠 만들기🍫 #두쫀쿠 #두바이쫀득쿠키,2026-01-04,아리 ARI,11820
zLwd-_mb4og,SUB)ASMR 두바이쫀득쿠키 왕창 먹기👍 내가 만든 두쫀쿠😍가성비 찰떡파이 두쫀쿠에 두바이쫀득 모찌까지😍#두바이쫀득쿠키먹방#두쫀쿠#디저트먹방,2026-01-04,맛있는소리사냥꾼_츔ASMR,15989
rPb7EHPUusw,피스타치오스프레드 망하기 싫다면 #피스타치오스프레드 #피스타치오크림 #두쫀쿠,2026-01-04,쿡랩,56844
DVUR21HOsEo,[TXT 수빈] 최수빈 두쫀쿠 먹방,2026-01-04,최쪼방,22846
zTsdGwi_7Vk,🧆두쫀쿠 vs 두쫀쿠🧆,2026-01-04,말랑이랑 with a malang,292656
xN9aHuf0I2s,두쫀쿠의 당황스러운 최신 근황;;;,2026-01-03,영업왕김낙슈,331657
XOeBEl-r_8g,두쫀쿠 만들고 푹 쉬는 주말!,2026-01-03,박막례 할머니 Korea_Grandma,144312
k3Gj49N87es,이게 찐 두쫀쿠였구나!🤤,2026-01-03,뚜벅뚜먹이,28805
ICjDbjE5W6A,두쫀런출신박초롱한테두쫀쿠만들어준썰(광고X) #에이핑크 #박초롱 #두쫀쿠 #두바이쫀득쿠키,2026-01-03,이다올,20409
iVkGpwRWa38,안성재 셰프님 두바이쫀득쿠키 직접 먹어봤습니다,2026-01-03,감스트GAMST,588712
HdK1NDwQRPE,두쫀쿠 이거 왜 먹죠??? 품절 대란 뚫고 10만 원어치 털어오긴 했는데...,2026-01-03,삼대장 Samdaejang,225687
PVO-juonK90,두쫀쿠 논란을 덮기위한 안성재의 초강수.feat임짱 #임성근,2026-01-03,과몰입훈련소,1752662
jvg4i8bfaNA,셰프님도 두쫀쿠 주문! #두바이쫀득쿠키 #흑백요리사2 #두쫀쿠 #먹방asmr,2026-01-03,Malatang Master,20351
v-P3U5wuCrc,남친 차안에서 두쫀쿠 먹기~ㅎㅎ🧆,2026-01-03,푸들커플,1346110
IEBueS1sjz8,요즘 유행 &#39;두쫀쿠&#39; 아랍인 먹방 근황 ㅋㅋㅋ,2026-01-03,요즘밈,691813
9gWuN4FPnGY,소고기보다 비싸다는 두쫀쿠의 원가,2026-01-03,어라라?,109438
vCBmR7VpUSE,편의점에도 두쫀쿠가 나왔다고..?,2026-01-03,잭푸디,769855
8lW0dU0HcQE,동네 배달 맛집 다채롭게 먹으면서 다채로운 미담 들어봤기루 (치킨.방어회.두쫀쿠..) | 뭐든하기루 EP.16,2026-01-03,뭐든하기루,61091
lpR63HlD1pQ,"Sub) 두쫀쿠 피스타치오 페이스트, 가정용 믹서로도 이렇게 매끈해요 Making pistachio paste with home kitchen tools | 버터앤줄리아",2026-01-03,Butter and Julia 버터앤줄리아,17209
47pdqvNBxpU,두바이 쫀득 쿠키 만들기 재도전 #두쫀쿠 #두쫀볼,2026-01-03,NOMI 노미,10551
LSWvu8EM3GY,6시간동안 두쫀쿠 만든 한지훈 #투어스 #tws,2026-01-03,강아지훈,268226
pVloMEfW8xY,두쫀쿠 찰떡파이 아니냐는 발언에 긁힌 릴파,2026-01-03,징버거가 짱이다,22003
sVm4-Jd5bp4,[자막뉴스] &#39;두쫀쿠&#39;가 대체 뭐길래?…비싸도 &#39;품절 대란&#39; MZ 간식 / KBS 2026.01.03.,2026-01-03,KBS News,14906
_5caed20Mro,두쫀쿠 걸고 손가락 펀치게임 내기ㅋㅋㅋㅋㅋ 두바이쫀득쿠키는 과연 누구꺼?,2026-01-03,인싸가족,1099795
VyNWux_tyYk,설마 요즘 유행하는 두쫀쿠...? ㅋㅋㅋ #두바이쫀득쿠키,2026-01-03,재이월드,60368
Ahf9lQZv544,두쫀쿠가 그게 아닌데...,2026-01-03,AKA,147269
xT1cbKJR3qI,당근 두쫀쿠 차이[100도vs0도],2026-01-03,느그형제,801232
Z1L5FHdyJ9s,초대형 두바이 쫀득쿠키 만들었습니다.. 재료비 100만원!?,2026-01-03,슈뻘맨 [슈퍼 뻘짓 도전기],354274
_73XvJ5MA30,두쫀쿠 먹는 햄스터들,2026-01-03,밤토리네 Hamster,261421
Kp1YYosFf98,Dubai choco in the k-lunch! 🧆나 두쫀쿠 쌓아놓고 먹는 거 꿈이었잖아🍪 #tanghulumaster #탕후루의달인 #フルーツ飴の達人 #asmr #mukbang,2026-01-03,Tanghulu Master - Lulu Official,3582532
EuHG24EwGvM,[해파리log] 6시간동안 두쫀쿠만든썰 푼다🧆 ; 260102 위버스 포스트들 #투어스 #TWS #지훈 #JIHOON,2026-01-03,영춘바라기,63391
CTYcSDTWtWQ,두쫀쿠 유행한지 얼마나됐다고;;,2026-01-02,척척박살,50575
YWSHxd3OZ4Q,두쫀쿠가 먹고 싶은 아이브,2026-01-02,아이톡,2546428
8xWvHJfmVEI,두쫀쿠 불호넥스트도어ㅋㅋㅋ #BOYNEXTDOOR #보이넥스트도어 #BND #보넥도 #성호 #리우 #명재현 #태산 #이한 #운학 #Shorts,2026-01-02,탯코어,258769
zYmH1tNn0t0,[#보넥도] 두쫀쿠 벌써 2차임 기록,2026-01-02,짱넥도 Zzang,24834
wjq4cIJL5zU,두쫀쿠 먹으면서 신년 사주풀이🧧,2026-01-02,범비 MUKBANG,49456
mVRrI0_HJrY,[두쫀쿠 인생레시피] 먹어본 사람마다 레시피 내놓으래서 밤새 낋여온 영상. 두바이쫀득쿠키는 이겁니다.,2026-01-02,Piggest | 피기스트,20770
MICj2d1JGrg,내취향 두쫀쿠를 찾아서 8종류 두쫀쿠 비교 먹방!,2026-01-02,빵뇸,8639
OutfW_QbHrw,세븐일레븐 신상 두쫀쿠는 맛있을까?,2026-01-02,냠냠리포트,22826
cDmv3h42yYM,두쫀쿠 끝판왕! 두바이 쫀득 김밥 꿀조합 먹방⭐️,2026-01-02,자곰 JAGOM ASMR,122830
KpTYg8yWwto,두친자가 뽑은 두쫀쿠 맛집 리뷰 (두바이쫀득쿠키 맛집 리뷰),2026-01-02,ZIZIC,40010
g4QU4yd45qA,이안이 알려주는 두쫀쿠 먹는 법,2026-01-02,이안이아니안,415883
h7JpieV3_1o,두쫀쿠에 중독되어버린 외국인 근황…🧆 먹는 영상은 2탄으로 낋여올게요🫶🏻 #두쫀쿠만들기,2026-01-02,주리집 외국인,459168
8sc5oJs97wQ,두바이에서 온 두바이쫀득쿠키를 먹어봤다 ㄷㄷ,2026-01-02,띠미 ddimmi,942706
cdzppVs--es,두쫀쿠 테러 사건? #아려랑 #shprts #두바이쫀득쿠키 #sprunki #스프런키 #애니메이션 ,2026-01-02,아려랑,57046
cGmia-GWP5Y,품절 대란 두쫀쿠🤤 전국 각지에서 9종 모아다가 한 자리에서 끝장 냈습니다 + 택배 맛집부터 민경픽 1등 두쫀쿠까지 🌟,2026-01-02,민경장군,147679
limgeu1ATBQ,송파 두바이쫀득쿠키 맛집 #크럼블리 #두쫀쿠,2026-01-02,먹지도,35026
OSFzs-qs0m8,개큰탈락이라는 안성재식 두쫀쿠의 정체,2026-01-02,쩝숏갤,436804
6_kwq0MlWqg,랜덤 두쫀쿠,2026-01-02,뚜식이,592024
Ho8_F_tK8y0,"두쫀쿠, 비싸도 ‘품절 대란’ #shorts / KBS",2026-01-02,KBS News,31098
nCHTUbgQGYg,새해 첫 영상은 두쫀쿠🧆/카다이프 말고 대체면으로 만드는 두바이 쫀득 쿠키/재료 구입처/원트만에 성공! #두바이쫀득쿠키 #두바이약과,2026-01-02,빽꼬미 bbaekcommi,10165
WWB7F2Tz5Sg,두쫀쿠 개당 원가 분석요즘 10억이라고 소문난 두바이 쫀득 쿠키 개당 원가가 얼마일까요?? #디저트 #두바이쫀득쿠키,2026-01-02,디저트동민,34915
K5dQhLnfTus,#세븐일레븐 신상 #두쫀쿠 출시?!,2026-01-02,마델언니,24274
9q7arOGau0E,두바이 쫀득쿠키 만들기 | 실패 없는 두쫀쿠 레시피,2026-01-02,올댓스위츠,109077
GILoF-nbVVU,"[보넥도 / 성호,리우] 두쫀쿠에 진심인 남돌",2026-01-01,왈왈,28795
WpDLksMce5U,두쫀쿠 클래스! 11만원 과연 태울만한가🔥,2026-01-01,이쿼카 LEEQUOKKA,89178
VcCRQB8mVKM,"vlog | 일하느라 자취방 개판 된 직장인의 휴무일, 한달치 두쫀쿠 생김, 퇴근 후 일상 즐기는 브이로그",2026-01-01,이욜 eyol,33752
b15PUTMIBHA,두쫀쿠 만들기,2026-01-01,방씰룩쌜룩,387443
LpxgVoOfn5g,"걍말라 인간 보고서 [시즌15_19]옹심이, 두쫀쿠, 치즈케이크+딸기 251210",2026-01-01,멋지다 김소선,280728
rX0NQN5crkc,코르티스 제임스 두쫀쿠 솔직후기 개웃김ㅋㅋ,2026-01-01,ㅁㅁ,84407
da98jHrCTOE,두쫀쿠 가격은 문제가 없는 것 같아요,2026-01-01,WaRaEat와라잇,371521
EOKqafgBWTM,두쫀쿠 먹방,2026-01-01,아인이놀아주기,214564
WjIeIqsd8uU,두바이 쫀득쿠키 &quot;두쫀쿠” 혈당실험 [아빠곰약사 혈당실험실],2026-01-01,아빠곰약사 혈당TV,49996
uf3gagC4YKI,새해 첫 영상이 #두쫀쿠 라니 #mukbang #먹방,2026-01-01,Leeby리비,103288
hxC5i9ruX7c,두쫀쿠를 먹어본 와이프의 반응ㅋㅋㅋ,2026-01-01,쫑알부부,337845
u1Bf-2JXea4,두쫀쿠는 먹고 싶은데 피쵸 스프레드가 없을 때 보는 영상,2026-01-01,라밍,541066
Izs9LQ2Fdn4,결국.. 넘사벽 두쫀쿠 (두바이 쫀득 만들면서 새해인사 올립니다🙇‍♀️),2026-01-01,올드패션 Old-Fashioned bakery,164424
ZhYEs76Gau4,[요미드라마] 두바이쫀득쿠키의 저주 #두쫀쿠,2025-12-31,요미월드,214942
za4Cm0IfI5c,아이브 장원영이 두쫀쿠를 못 먹는 진짜 이유 #kpop #ive,2025-12-31,멍잇슈,392434
cRY_8ATdYl0,뭐가 더 광기일까요? #두쫀쿠,2025-12-31,객끼,899139
9ozbBDVQFQ0,꼭 사드세요! #두바이쫀득쿠키 #두바이초콜렛 #베이킹 #맛집 #두쫀쿠,2025-12-31,지스스,36768
KZ1EzCHb8YI,피스타치오 스프레드 만들기 (두쫀쿠를 위한..💖),2025-12-31,엠주니 MZuni,28991
UvGBQ7LPnd4,500원 두바이 쫀득쿠키로 부자되는 둥키의 두쫀쿠 뽑기...ㄷㄷ,2025-12-31,둥이키친 DUNGYIKITCHEN,1775726
GrO2O45gvOM,두바이 딸쫀쿠,2025-12-31,침착맨,6915478
-r3aA_UoOm0,올해 마지막 두쫀쿠 먹방 🧆 | #포카포장 #포장계 #두바이쫀득쿠키 #먹방 #추천 #shorts #하츠투하츠,2025-12-31,시루떡가게,13334
YH-qtbmT6oY,올해의 마무리는 삼촌이 만들어준 두쫀쿠🫰🏻 (미리 새해 복 많이 받으세요🙇🏻‍♀️🙇🏻‍♀️),2025-12-31,다나솔라,241551
PbY3E-Jd0GM,부산 경성대 부근 가장 유명한 두쫀쿠 맛집 웨이팅 성공했습니다 #메츠과자점,2025-12-31,부산맛집 따따쥬,22379
Yj_977Z9Rzk,두쫀쿠 먹고 뇌정지 온 페이커,2025-12-30,롤토리,1991575
86rtFybCo3U,5만원 쓰고 두쫀쿠 두 번 시키고 망한 날 [174cm 52kg 입짧은 먹방 VLOG],2025-12-30,새니 SENI,214036
b9FyzqhIa0U,두쫀쿠 맛있게 먹는 법,2025-12-30,박빼빼,76580
f42beC4UasE,두쫀쿠 안성재님에게 대결장을 날립니다,2025-12-30,나니까 NANNIKA,453198
OXcWexsT-T0,두쫀쿠 사건 뺨치는 우리 아빠 사건,2025-12-30,김켈리 Kellyfornia,1095807
4pTdqViens4,두쫀쿠 안성재 솊에게 항의합니다.,2025-12-30,박빼빼,71825
EcI8nIEijyc,두바이쫀득쿠키 드디어 만나다 #두쫀쿠,2025-12-30,박다희 PARKDAHEE,4609
TXrT3xgKzds,두바이 쫀득쿠키 솔직한 맛 평가,2025-12-30,주둥이방송,425332
eXhySkSRzwo,두바이 쫀득쿠키 찾으러 동네 편의점 다 뒤졌는데 이게 뭐야 ㅋㅋㅋ 품절대란 두쫀쿠 먹기 넘 힘들다;;,2025-12-30,토깽이네,69959
LC4Im7dLKBQ,역수출 각잡은 두쫀쿠 약과,2025-12-30,공간빵,402143
7YC0uPC4dWw,완전 난리난 두바이쫀득쿠키 만들기 🍪 실패없는 레시피,2025-12-30,오베르,258932
iMguiDapCSU,똥손도 만드는 두쫀쿠 1분 레시피🧆 #두바이 #두쫀쿠 #두바이쫀득쿠키 #두쫀쿠레시피,2025-12-29,bongma,43322
FsyHTuayTsg,틴트가너무많아요 6탄 #두쫀쿠메이크업 #두바이쫀득쿠키메이크업 #브라운메이크업 #그리너리메이크업,2025-12-29,잰히 Jenhee,153489
lZfi_YivMCg,두쫀쿠에 들어있는 카다이프는 몇 개 있을까??,2025-12-29,최도전,474671
qi1H0LUd1bE,두쫀쿠 레시피 2편 #두쫀쿠 #두바이쫀득쿠키 #두쫀쿠만들기,2025-12-29,아이러브침대,37451
4VLdKsA1A14,두쫀쿠 먹고 싶을 때 학년별 반응 차이,2025-12-29,김주댕,942048
oCNEDdr1uyI,두쫀쿠 제발 이렇게만 드셔주세요 !!!,2025-12-29,융덕 Yungduck,95920
1x5VIxBpbxs,두바이까지 늘어나는 두쫀쿠 만들기,2025-12-29,박막례 할머니 Korea_Grandma,53759
xSsPOVBvXB0,엔믹스 배이 두쫀쿠 먹고 터진 진심 한마디 ㅋㅋㅋ,2025-12-29,엔믹스쇼츠,1069695
aiQUAzfVZxY,두쫀쿠 쫀득함 비결 공개 🍪⭐️ | 다온이 잘 때 몰래 두쫀쿠 만들기 2탄 #두쫀쿠 #두바이쫀득쿠키 #홈베이킹 #쫀득쿠키 #두쫀쿠레시피 #쇼츠 #육아일상,2025-12-29,온포유 On For U,387380
sKgJNSzyStA,두쫀쿠 가격이 나름 합리적인 이유,2025-12-29,바삭노트,29973
xRIgA0nlGXU,거짓말 챌린지 두쫀쿠 vs 두쫀쿠,2025-12-29,쩌쩌의모험,2006037
wi9cmoCsGXU,[TXT 수빈] 최수빈 두쫀쿠 솔직 후기,2025-12-29,최쪼방,130477
Zxf8bupBQ5A,두바이 쫀득쿠키 만들기 막차탑승🫡 #두바이쫀득쿠키 #두쫀쿠 #두쫀쿠만들기 #딸기두바이,2025-12-29,Jooniverse,4537
ajBcE2SCdF4,요즘 논란이라는 안성재 두쫀쿠,2025-12-29,수닝유튜브,30248
EZWxNmKjCW4,#두바이쫀득쿠키 #두쫀쿠 후기,2025-12-29,릴피디 RPD,26397
JsePfyb2FSQ,화제의 두쫀쿠(두바이 쫀득쿠키) 먹어본 라이즈 멤버들 후기 (Feat.뉴스에 나온 성찬) ,2025-12-28,밤비모먼트 Bambi Moment,12936
O_qc8BZvBI4,자취생의 주말 베이킹 | 두쫀쿠 50개 대량생산🧆 Dubai Chewy Cookies,2025-12-28,효뎡 Dyeong,1588598
jDrbDby5NDo,두쫀쿠로 장모님 놀리는 사위#shorts,2025-12-28,얼미부부,551621
i2U3GMPN9V0,두쫀쿠 800개 돌린 아이돌,2025-12-28,셀럽톡톡,99981
GyQ_0VKasEs,[엔믹스] 두쫀쿠 먹은 배이 찐 반응 ㅋㅋㅋ,2025-12-28,딘도리,1918899
NnKC4sdOYGI,🤖한교동 인형계🤖 두쫀쿠 만들기🧆,2025-12-28,몰라그냥 문방구,70932
SaXS9cngigw,두쫀쿠보다 맛있는 이영자의 특별한 디저트 만들기,2025-12-28,이영자 TV,476277
nEQhe8hFG2I,이건 진짜 예상 못했다ㅋㅋㅋㅋ GPT가 정해준 사람 두쫀쿠 먹기!,2025-12-28,쩌쩌의모험,141385
uT9FtQoLDaA,멸치 이희태의 두쫀쿠 상대법,2025-12-28,이희태,187630
dgJFWcCYVk0,김재중 두쫀쿠 소신발언,2025-12-27,김재중사랑한다고.,319161
L6PFBdqBgaI,두쫀쿠 처음먹고 미쳐버린 맛 표현,2025-12-27,뽀구미,530611
jfVzH7M1e-8,안성재 두쫀쿠에 화나서 몰려온 어른이들,2025-12-27,굳뜨셀럽,9013369
vs0h7gJvIw8,"요즘 세상을 지배한 두쫀쿠, 두바이 디저트 모음.zip",2025-12-27,진영 Jinyeong,49001
k6r--GGWmlM,강릉에서 찾아온 초코 범벅과 두쫀쿠,2025-12-27,아누누,109450
95GZ-P7M7Mg,두쫀쿠 처음 먹어볼 때 특징ㅋㅋ,2025-12-27,슈뢰딩거의고양이,413584
-kx2OIH_WHA,두쫀쿠 왁스볼 뿌시기 #말랑이 #asmr,2025-12-27,젠젠선물가게,69062
XiiAkJzyQWA,두쫀쿠 맛집을 찾아다니는 첫 여정기!! #shorts #dubai #vlog #shortsvideo #두바이쫀득쿠키 #두쫀쿠,2025-12-27,주쾡이,23784
-FcgoR-Tp1s,#두바이쫀득쿠키 #두쫀쿠 #두바이쫀득쿠키만들기 #두쫀쿠레시피,2025-12-27,디영 JIYEONG,18633
IeZTnnaLZKs,두쫀쿠라면 25년 잘 보낸듯ㅋㅋㅋㅋ #몬트쿠키 #두바이쫀득쿠키,2025-12-26,몬트쿠키 | 두바이쫀득쿠키 원조🧆,184002
5o9zbAiHLXY,"안성재 두바이 초코 쫀득쿠키 논란, 이게 뭐죠? #두바이쫀득쿠키 #두쫀쿠 #안성재 #흑백요리사 #카다이프",2025-12-26,이마즈의 매거진,75717
TMKrqP4pwhg,안성재 두쫀쿠 참사,2025-12-26,셀럽톡톡,142614
PnldAJelWzE,두쫀쿠보다 말랑쫀득한 아기 볼살 1티어 왕만두😂 단이 #강단남매 #쌍둥이 #육아 #shorts,2025-12-26,엔조이커플enjoycouple,730112
tbD6toar_-c,두바이초코설빙에 두쫀쿠까지 올려 먹는 어른🔥,2025-12-26,오늘 뭐 먹지?,738540
j25EG1KbWpA,&#39;두쫀쿠&#39;가 뭐라고…안성재 향한 과몰입 악플 &#39;눈살&#39; [투데이 &#39;픽&#39;/iMBC연예뉴스],2025-12-26,iMBC연예,23781
PRwSY3kB2Ww,내가 만든 두쫀쿠 먹방🧆•Daily소현 #포카포장 #다이브로그 #포장계 #덕질 #두바이쫀득쿠키,2025-12-26,Daily소현,95885
FmBaPCOi6RM,🤎두바이쫀득쿠키🤎두쫀쿠🍫만들기 #dolls #kawaii #diy #clay #cute #paperdiy #인형계 #쫀득쿠키 #두쫀쿠 #dessert #두바이쫀득쿠키,2025-12-26,Seol Malong Mini World,95076
TGKNT22fdGM,섹시 두바이 쫀득쫀득 쿠키 레시피 공개🤎,2025-12-26,뮤승,1181200
LYCbTh7J-OE,하도 핫해서 집에서 만들어봤더니...#두바이쫀득쿠키 #두쫀쿠만들기 #두바이쫀득쿠키레시피,2025-12-25,지지미의 집밥,74667
voBzIeYYfuQ,안성재의 두쫀쿠를 보고 전국의 딸들이 오열한 이유,2025-12-25,원룸맨,225405
pVaurxGr45U,두쫀쿠는 사드세요 #두쫀쿠 #두바이쫀득쿠키 #두쫀쿠만들기 Dubai chewy cookie,2025-12-25,좽좽,36604
hK4GbkxBhrg,고던램지 : 두바이쫀득쿠키 두쫀쿠 Dubai Chocolate Cookie ASMR,2025-12-25,던워리비햇님,89869
_PUkJd97evs,"두바이 스페셜! 두바이쫀득쿠키, 두바이수건케이크, 두바이초콜렛 두바이초코빙수 먹방~!! Dubai Chewy Cookies, Dubai Chocolate",2025-12-25,떵개떵,529861
9R51tmH0-_A,안성재 아빠가 만든 두바이딱딱강정(?)  #안성재 #안시영 #두쫀쿠,2025-12-25,셰프 안성재 Chef Sung Anh,5899837
EPaSmzf3L8M,두쫀쿠! 아이들과 크리스마스 간식 만들기! 딸 한테는 질 수 밖에 없는 안성재!,2025-12-25,쇼핑하츠,3323204
Y2wLCUTEv4s,두쫀쿠...진짜... 🐷 두바이 쫀득쿠키 맛집 비교,2025-12-24,잔잔한 잔이,44775
72Y_aGVf3Ms,[ENG]🎅산타성재표 두바이 쫀득 쿠키 최초 공개?! 미니 벨루가들과 함께한 크리스마스 레시피🎄| 안성재거덩요👨‍🍳,2025-12-24,셰프 안성재 Chef Sung Anh,4437329
BHTNFKQXFU0,"쿠키 한 개 1만 원…두쫀쿠, 비싸도 ‘품절 대란’인 이유 [경제콘서트] / KBS  2025.12.24.",2025-12-24,KBS News,171000
hL7zQVduIaU,두바이쫀득쿠키 광인의 편의점 털이 (두쫀쿠st CU GS 아미트24 편의점 디저트 리뷰),2025-12-24,ZIZIC,47733
e_EjurMAtKY,호주 워홀러의 두쫀쿠 먹방🥹💚❤️  #두바이쫀득쿠키 #호주워홀 #두쫀쿠,2025-12-24,콩빈Cong Been,67028
aBx6GstUMQg,두바이쫀득쿠키에 빠진 아이돌들,2025-12-23,초코쿠키,183664
jpWtHisErT8,회사 직원분들께 두쫀쿠 드리기 #연말선물,2025-12-23,김밍 KIMMING,422769
VT5IrkUEOUw,[종합 예고] 내는 두쫀쿠보다 선재귭니다🫶 &#39;반쪽&#39;(?) 이주빈 찾아 나선 안보현❤️‍🔥 #스프링피버 EP.0,2025-12-23,tvN DRAMA,30123
XfFQImhGT6s,두쫀쿠 만들기!! #cafe #카페사장 #브이로그 #두바이쫀득쿠키 #두쫀쿠,2025-12-23,chogina,51987
bE1C6C9Y3gA,두바이쫀득쿠키 150개 만들었음,2025-12-23,바니얌 baniyum,2174070
wDYJzP36Mv0,두쫀쿠 사건 #투어스 #tws,2025-12-22,또훈집,483091
iG4I2m2-r1k,두바이 쫀득쿠키 만들기 #두쫀쿠 #두쫀볼,2025-12-22,민수무강 Minsoo long life,454043
AADMolq1fXI,[TWS] 투어스 멤버별 두쫀쿠 후기,2025-12-21,보글햎,18209
ZXWi-RGdoJA,두쫀쿠 처음 먹는 아이돌 뽀뽀 상황극까지 | 251221 위버스 라이브 신유 두바이쫀득쿠키 먹방,2025-12-21,jjeonglog쩡이쩌렁,96406
v9vjVd4O6gI,떡복이+두쫀쿠 도파민 먹방 [174cm 52kg 입짧은 먹방 브이로그],2025-12-21,새니 SENI,160125
ccsqeJOSfLs,조승연 두바이쫀득쿠키 먹어봄 #WOODZ #우즈 #두바이쫀득쿠키 #두쫀쿠,2025-12-21,WOODZ,152530
audJJMKW0x4,"🔥SNS에서 핫한 두쫀쿠, 어떤 맛일까?",2025-12-21,굥아님의 리뷰세상,119628
znIapAKy4FI,(ENG) 두쫀쿠가 유행이래서 두바이 왔는데 이거 두바이에 안 팔잖아 민호야 | 두바이 2편 | 할명수 ep.267,2025-12-20,할명수,1060208
W8Y_VE14R6M,피스타치오 스프레드부터 만드는 두쫀쿠 레시피🤎 #두바이쫀득쿠키,2025-12-20,도른핀 dornphin,58353
3aCs4WvxTT8,[TWS/투어스] 아이돌이 두바이 쫀득 쿠키 처음 먹으면 생기는 일ㅋㅋㅋ,2025-12-20,말랑만두 MRMD,101399
CZ6pM0q-_Mw,두쫀쿠만들기🍫🤎 레시피는 댓글에👀✨️ #두바이쫀득쿠키 #두바이 #베이킹 #홈베이킹 #shortvideo #shorts #bakingrecipes,2025-12-19,빵희당_사부작 사부작,33040
y6Pr4Be1r-Y,연남동 두바이쫀득쿠키2편🔥,2025-12-19,츄베릅JMT,425254
ZJJO0zD9odg,인생 매출 찍은 두바이 쫀득쿠키 카페 레시피 대공개,2025-12-19,커픽처스 coffictures,450957
7bR1IrBDHRw,알고리즘 정령당해서 만들어본 두쫀쿠✨️ 나중에 만들 거라면 지금 저장하세요🍪  레시피는 댓글에 적어둘게요 #두바이쫀득쿠키 #두쫀쿠 #두바이쫀득쿠키레시피 #홈베이킹 #베이킹쇼츠,2025-12-19,도파민 충전소,178395
flroQkqsy2Q,치킨 한 마리 = 두쫀쿠 4개..  #두바이쫀득쿠키 #두쫀쿠 #두바이쫀득볼,2025-12-18,트렌드잇터,61668
3jQyJCXWMoY,251217 라이즈 성찬&amp;소희 두쫀쿠(두바이 초코 쫀득쿠키) 먹방 RIIZE SUNGCHAN&amp;SOHEE Dubai Chewy Cookies Mukbang ,2025-12-17,밤비모먼트 Bambi Moment,10425
QOpn6jIh7l0,제주도 두바이쫀득쿠키 투어🤎💚 #제주도 #두쫀쿠 #두바이쫀득쿠키,2025-12-17,가덕이,45801
p9MoUo2kjic,두쫀 1타 강사,2025-12-17,하츠온하츠,883443
EH6Sg9LPgMc,&quot;이게 얼마라고요?&quot; 찐 아랍인도 당황시킨 두바이 디저트 근황 [갓나온 맛도리 EP.157] / 스브스뉴스,2025-12-17,스브스뉴스 SUBUSUNEWS,203140
hQAPxV_zJts,살 안 찌는 두바이 쫀득 쿠키를 만들어 보자,2025-12-17,일주어터,91070
QbfKI5bZ8c8,인생 두쫀쿠를 여기서 찾을 줄이야🫢#asmr #mukbang #asmrmukbang #eatingshow #먹방 #飯テロ #dessert #두바이쫀득쿠키 #두바이 #두바이초콜릿,2025-12-16,홍지 HONGJI,37256
_BlpElCSbbg,두바이 쫀득쿠키 만들기..💭✨ | 재료 추천과 레시피 🎀 | 한 개에 84g 대왕 두쫀🤍 | 두쫀쿠 브이로그,2025-12-16,갠이Gaen,114301
Zj7FR-eaS04,두바이 쫀득 쿠키 두쫀쿠 당도 최고 존엄 1인자 인천 팔레트 디저트,2025-12-15,이사케 isake,47636
VREB8l-gN4Y,남편한테 두바이쫀득쿠키 먹여봄,2025-12-14,얼미부부,5175229
_zHwjkC5usw,"독서실다니는 노답 취준생 브이로그 | 10만원으로 두쫀쿠 만들기 | 컵누들 계란찜, 맥도날드",2025-12-14,도민이,157171
wZZDn-LBe1s,ADHD가 초집중해서 두쫀쿠 말아봄,2025-12-14,8년만에솔로,304086
OTfTjtQIo2A,두바이에서 두쫀쿠 만들기(한 번에 성공한 팁 공유🍯),2025-12-13,현지스로미,1018092
WLxcLIHoHBM,밤새고 두쫀쿠 2개 먹기 [174cm 52kg 입짧은 먹방 브이로그],2025-12-13,새니 SENI,187865
-C3hxW5UCJ8,두바이쫀득쿠키 만들기 | 레시피 | 재료 링크 |,2025-12-13,김식빵,356123
vsGeGCGlmp8,이 두바이쫀득쿠키는 살이 안찝니다,2025-12-12,유주얌 𝙔𝙐𝙅𝙐𝙔𝘼𝙈,148864
noepwl3I770,"월간빵로그 21) 유행하는 디저트는 다 만드는 브이로그 (두쫀쿠, 올리브치즈베이글, 오사카•고베 빵투어)",2025-12-11,진영 Jinyeong,59036
BbsZPRxHidg,#가성비두쫀쿠 만들기🖤🖤 #두바이쫀득쿠키 #두쫀쿠 #페니면,2025-12-11,이양사,20934
U6styo2SFX0,지금 난리난 두바이쫀득쿠키 30초만에 만드는 법 ㄷㄷ,2025-12-10,띠미 ddimmi,1888061
HpMMEiDN4D4,[CAFE VLOG] 두쫀쿠 때문에 두바이 갈것 같은 사장 브이로그/ 자영업자 브이로그 ,2025-12-10,하이예진,1009
J6XcRQtaRYY,SUB)먹방VLOG)식사일기+한입혜영8화😋알곤이찜+날치알비빔밥+SNS핫템🔥오지치즈포테이토피자+치즈바이트+까르보불닭 수육+박여사님표 김치3종+봄날엔신제품 피넛퐁🥜두쫀쿠🤎MUKBANG,2025-12-09,여수언니 정혜영 [Yeosu Unnie],231512
LgDeQUOFUFQ,CU 두쫀쿠 사러 갔다가 결제 거부 당했다...😂,2025-12-09,먹효정,425842
e1_w5tCSvNs,두쫀쿠 중독자 근황: 직접 만들러옴 #두바이쫀득쿠키,2025-12-09,묵자,1077192
FV4ezLCbsh0,50만원쓰고 알아낸 두쫀쿠 맛집,2025-12-08,빵튜브 뽀니 BreadTube,148948
Aj7U5FSbjb8,두바이 쫀득 쿠키의 정석 (두쫀쿠 맛집은 우리 집🏠🍪🇦🇪...식감 때깔 맛 다 잡은…) Dubai Chewy Cookie Recipe,2025-12-06,이브닝 YVESNING STUDIO,44799
5oTlWBrxlEw,"백수되고 물욕터짐.. 퇴사 했어요 | 겨울옷(무신사,에잇세컨즈) 사고 초량온당, 이재모, 엽떡, 두쫀쿠 나오는 일상",2025-11-28,도민이,262199
zrwFTUW3IdQ,#두바이쫀득쿠키 엄격 맛평가,2025-11-26,UPSub없섭,668366
MOKsQ6IGuyY,편의점 두바이 쫀득시리즈 2종 비교 #CU #GS #편의점신상 #편의점간식 #카다이프 #두쫀쿠,2025-11-23,고르륵,36151
ZwocDHFD5V4,생일에 두바이쫀득쿠키를 100개 만든 이유,2025-11-17,이상한 과자가게  weird sweets shop,5329508
v7AfjigoK-w,서울 두바이 쫀득쿠키 맛집 다 가봤다! 과연 1등은?,2025-11-14,띠미 ddimmi,2754960
UDx7HFT7ZxU,먹방브이로그) 하루종일! 두바이초코만 먹는 브이로그..ㅋㅋ 두바이땜에 파산할 것 같아요!,2025-11-10,가오니의 메뉴판GAONI,528151
YJn5UAv8HWU,두바이쫀득쿠키 6종 전격 비교 1탄! #asmr #mukbang #asmrmukbang #eatingshow #飯テロ #dessert #dubaichocolate #두바이초콜릿,2025-10-26,홍지 HONGJI,343718
VlgJrnfOEhI,재료비 만원으로 두바이 쫀득쿠키를 몇 개 만들 수 있을까?,2025-10-25,이상한 과자가게  weird sweets shop,4990717
AcS7iER9qUo,요즘 난리난 ‘두바이 쫀득쿠키’… 그 원조가 누구냐고요?,2025-10-23,몬트쿠키 | 두바이쫀득쿠키 원조🧆,4737531
Az0GnXSPNQo,편의점 두바이 쫀득 다 먹어보기,2025-10-19,아누누,1991467
Wd4fURnzNU8,“사장님… 영상 사기 아니에요!?”😭,2025-10-06,몬트쿠키 | 두바이쫀득쿠키 원조🧆,1175583
